{
"name": "autoflow-backend",
"version": "1.0.0",
"description": "Backend for AutoFlow zero-code automation (Node.js + Express + MongoDB)",
"main": "server.js",
"scripts": {
"start": "node server.js",
"dev": "nodemon server.js"
},
"author": "AutoFlow",
"license": "MIT",
"dependencies": {
"cors": "^2.8.5",
"dotenv": "^16.0.0",
"express": "^4.18.2",
"express-async-handler": "^1.2.0",
"mongoose": "^7.0.0",
"morgan": "^1.10.0",
"multer": "^1.4.5"
},
"devDependencies": {
"nodemon": "^2.0.22"
}
}